исходный_URL,целевой_URL,причина_ссылки
/,/wedding/,Передать главный вес в самый сильный подтвержденный кластер.
/,/photo/,Показать фото как эмоциональное ядро FotoLovi.
/,/no-app/,Сразу вынести ключевой продуктовое отличие: загрузка без приложения.
/,/wedding/qr-photo-album/,Дать короткий путь к самой сильной свадебной QR коммерческая страница.
/wedding/,/wedding/guest-photos/,Перевести свадебный спрос в главную страницу фото гостей.
/wedding/,/wedding/qr-photo-album/,Связать свадебный хаб с QR-альбомом.
/wedding/,/wedding/projector-screen/,Передать пользователей в экранный сценарий.
/wedding/,/wedding/interactive/,Направить вдохновение трафик в интерактивы.
/wedding/,/wedding/modern/,Поднять современная свадьба слой внутри свадебного хаба.
/wedding/,/wedding/welcome/,Выделить приветственный сценарий как визуальный кластер.
/wedding/modern/,/wedding/digital/,Перевести широкий современный намерение в цифровые инструменты.
/wedding/modern/,/wedding/trends/,Развить сезонный и трендовый авторитет.
/wedding/trends/,/wedding/2026/,Создать ежегодный слой для сезонного длинный хвост.
/wedding/trends/,/wedding/qr-photo-album/,Передать авторитет от трендов в QR-альбом через цифровой-блок.
/wedding/2026/,/wedding/digital/,"Показать, как тренды 2026 превращаются в цифровой-свадьбу."
/wedding/digital/,/wedding/qr-photo-album/,Конвертировать цифровая свадьба поиск в QR-альбом.
/wedding/digital/,/photo/guest-photo-collection/,Связать цифровой-свадьбу со сбором фото гостей.
/wedding/interactive/,/photo/live-photo-wall/,Конвертировать интерактивы в фотостену в реальном времени.
/wedding/interactive/,/wedding/qr-photo-album/,Показать QR-альбом как простой интерактив.
/wedding/interactive/,/hosts/interactives/,Связать свадебный и ведущий-сценарии без смешивания семантическое владение.
/wedding/wow-effects/,/photo/live-photo-wall/,Показать фотостену в реальном времени как wow-эффект.
/wedding/wow-effects/,/ideas/wow-effects/,Связать свадебную страницу с широкийer идея слой.
/wedding/welcome/,/wedding/welcome-zone/,Развести приветственный хаб и визуальные идеи приветственной зоны.
/wedding/welcome/,/wedding/welcome-screen/,Передать экранный намерение по приветственному сценарию в отдельную страницу.
/wedding/welcome/,/wedding/welcome-signs/,Передать намерение по QR-табличкам в визуальную поддерживающая страница.
/wedding/welcome/,/wedding/qr-photo-album/,Сделать QR-альбом главным цель конверсии приветственный-кластера.
/wedding/welcome-zone/,/wedding/welcome-signs/,"Показать, как приветственная зона ведет к QR-табличкам."
/wedding/welcome-zone/,/wedding/qr-photo-album/,Конвертировать визуальный намерение по приветственному сценарию в QR-альбом.
/wedding/welcome-screen/,/wedding/projector-screen/,Связать приветственный экран с основным экранным коммерческая страница.
/wedding/welcome-screen/,/photo/live-photo-wall/,Показать фотостену в реальном времени как развитие приветственный экран.
/wedding/welcome-signs/,/qr/wedding/,Связать QR-таблички с QR настройка страница.
/wedding/welcome-signs/,/no-app/photo-upload/,"Показать, что QR ведет к загрузке без приложения."
/wedding/projector-screen/,/photo/live-photo-wall/,Перевести проекторный спрос в фотостену в реальном времени.
/wedding/projector-screen/,/wedding/screen-content/,Дать пользователю контентные сценарии для экрана.
/wedding/screen-content/,/screen/what-to-show-on-wedding-projector/,Связать свадебный контент для экрана с вопросный намерение.
/wedding/photo-booth-alternative/,/wedding/qr-photo-album/,Показать QR-альбом как замену фотобудке.
/wedding/photo-booth-alternative/,/photo/live-photo-wall/,Показать фотостену в реальном времени как функцию замены.
/qr/,/qr/wedding/,Направить свадебный QR намерение в свадебный QR настройка.
/qr/,/qr/guests/,Направить широкий гостей QR намерение в общую загрузку гостями.
/qr/,/qr/no-app/,Выделить QR без приложения как ключевой продуктовое отличие.
/qr/wedding/,/wedding/qr-photo-album/,Предотвратить каннибализацию: QR настройка ведет в продуктовый QR-альбом.
/qr/wedding/,/wedding/welcome-signs/,Связать QR на свадьбе с физическими и экранными приветственные QR-таблички.
/qr/guests/,/photo/guest-photo-collection/,общий QR для гостей конвертируется в сбор фото.
/qr/no-app/,/no-app/photo-upload/,Связать QR без приложения с полным сценарий без приложения.
/qr/no-app/,/wedding/qr-photo-album/,Передать сильный намерение в свадебный QR-альбом.
/photo/,/photo/guest-photo-collection/,Фото-хаб ведет в главную общую коммерческую страницу.
/photo/,/photo/guest-photos/,Показать эмоциональный слой фото гостей.
/photo/,/photo/shared-album/,Показать общий альбом как естественное продолжение фото-сбора.
/photo/,/photo/live-gallery/,Показать живую галерею как продуктовую глубину фото-хаба.
/photo/,/photo/memories/,Развить эмоциональный память слой.
/photo/guest-photo-collection/,/photo/how-to-collect/,Связать коммерческую страницу с информационным намерением.
/photo/how-to-collect/,/photo/guest-photo-collection/,Возвращать информационный трафик в коммерческую страницу.
/photo/how-to-collect/,/alternatives/google-drive-telegram/,Показать сравнение способов сбора фото.
/photo/guest-photos/,/wedding/guest-photos/,Передать свадебное намерение в свадебную страницу.
/photo/guest-photos/,/photo/memories/,Связать фото гостей с памятью события.
/photo/shared-album/,/wedding/shared-album/,Передать свадебный альбом намерение в свадебную страницу.
/photo/shared-album/,/photo/guest-photo-collection/,Показать сбор фото как способ наполнить общий альбом.
/photo/live-gallery/,/photo/live-photo-wall/,"Живая галерея ведет в экранную фотостену в реальном времени, когда нужен экран."
/photo/live-gallery/,/screen/,Связать живую галерею с экранным кластером.
/photo/live-photo-wall/,/screen/wedding-screen-ideas/,Поддержать визуальный экранные примеры.
/photo/memories/,/photo/shared-album/,Эмоциональный память намерение переводится в общий альбом.
/no-app/,/no-app/photo-upload/,Показать основной пользовательский сценарий без приложения.
/no-app/,/qr/no-app/,Связать без приложения хаб с QR-механикой.
/no-app/,/photo/browser-upload/,Объяснить загрузку через браузер как технологический слой.
/no-app/photo-upload/,/photo/guest-photo-collection/,Сценарий без приложения конвертируется в сбор фото гостей.
/no-app/photo-upload/,/wedding/qr-photo-album/,Свадебный сценарий получает прямую цель конверсии.
/no-app/guest-upload-without-registration/,/no-app/photo-upload/,Без регистрации является частью сценария загрузки без приложения.
/photo/browser-upload/,/no-app/photo-upload/,Загрузка через браузер поддерживает страницу загрузки без приложения.
/screen/,/screen/what-to-show-on-wedding-projector/,Экран хаб ведет в самый сильный вопросный намерение.
/screen/,/screen/wedding-screen-ideas/,Экран хаб развивает визуальные идеи.
/screen/,/photo/live-photo-wall/,Экран хаб ведет в коммерческая страница фотостену в реальном времени.
/screen/what-to-show-on-wedding-projector/,/wedding/projector-screen/,Вопросный намерение возвращается в свадебный экран коммерческая страница.
/screen/wedding-screen-ideas/,/wedding/welcome-screen/,Связать экран идеи с приветственный экран.
/hosts/,/hosts/interactives/,Ведущий хаб ведет в самый сильный ведущий страница.
/hosts/,/hosts/screen/,Ведущий хаб ведет в экран поддержка.
/hosts/interactives/,/photo/live-photo-wall/,Ведущий интерактив намерение конвертируется в фотостену в реальном времени.
/hosts/screen/,/screen/,Ведущий экран поддержка передает вес экран хаб.
/events/,/events/photo-gallery/,общий хаб мероприятий ведет в галерея мероприятия.
/events/photo-gallery/,/photo/guest-photo-collection/,общая галерея мероприятия связывается с фото-ядром.
/events/photo-gallery/,/no-app/photo-upload/,"Показать, что гости на любом мероприятии загружают без приложения."
/alternatives/,/wedding/photo-booth-alternative/,Сравнение хаб ведет в самый сильный свадебный альтернатива страница.
/alternatives/,/alternatives/google-drive-telegram/,Развить сравнение через боль чатов и облачных папок.
/alternatives/google-drive-telegram/,/photo/guest-photo-collection/,Боль разбросанных фото переводится в организованный сбор.
/alternatives/google-drive-telegram/,/no-app/photo-upload/,"Показать, что загрузка без приложения решает проблему чатов."
/ideas/,/ideas/wedding/,Идеи хаб передает широкий свадебный идея намерение ниже.
/ideas/,/ideas/interactive/,Идеи хаб развивает интерактивный верх воронки.
/ideas/,/ideas/projector/,Идеи хаб захватывает проектор идея намерение.
/ideas/,/ideas/wow-effects/,Идеи хаб развивает wow-effects слой.
/ideas/,/ideas/guest-entertainment/,Идеи хаб захватывает развлечения для гостей.
/ideas/wedding/,/wedding/modern/,Свадебный идеи передают авторитет в современная свадьба.
/ideas/wedding/,/wedding/welcome/,Свадебный идеи передают визуальный намерение по приветственному сценарию.
/ideas/wedding/,/ideas/wedding-visuals/,Свадебный идеи ведут в визуально насыщенный визуальный хаб.
/ideas/interactive/,/wedding/interactive/,Интерактив идеи конвертируются в свадебный интерактив страница.
/ideas/interactive/,/photo/live-photo-wall/,Интерактивный намерение ведет в фотостену в реальном времени.
/ideas/projector/,/screen/what-to-show-on-wedding-projector/,Проектор идеи ведут в самый сильный экран вопросный страница.
/ideas/projector/,/wedding/projector-screen/,Проектор идеи передают конверсия в свадебный экран коммерческая страница.
/ideas/wow-effects/,/wedding/wow-effects/,широкий wow идеи углубляются в свадебный wow страница.
/ideas/wow-effects/,/photo/live-photo-wall/,Wow намерение конвертируется в фотостену в реальном времени.
/ideas/guest-entertainment/,/wedding/interactive/,Развлечения гостей ведет в свадебный интерактив хаб.
/ideas/guest-entertainment/,/hosts/interactives/,Часть намерение передается ведущим без смешивания свадебное семантическое владение.
/ideas/wedding-visuals/,/wedding/welcome-zone/,Визуальный вдохновение ведет в приветственная зона.
/ideas/wedding-visuals/,/screen/wedding-screen-ideas/,Визуальный вдохновение ведет в экранные примеры.
/ideas/wedding-visuals/,/wedding/welcome-signs/,Визуальный вдохновение ведет в QR приветственные QR-таблички.
